"","x","y","run"
"1",9.41857728039312,-6.27652306132118,"lnWGNkN"
"2",8.27577306716829,-6.78384112531945,"lnWGNkN"
"3",14.6227125957012,13.2397663882178,"lnWGNkN"
"4",8.74500824417424,-7.73065022020408,"lnWGNkN"
"5",-6.18514847977728,-6.61908223745418,"lnWGNkN"
"6",10.106734043308,17.3448902961127,"lnWGNkN"
"7",16.9186025910954,3.99007675713426,"lnWGNkN"
"8",9.52885138258062,14.9396535518493,"lnWGNkN"
"9",4.11773931025564,4.14730177704742,"lnWGNkN"
"10",14.7400623715563,17.3515986137834,"lnWGNkN"
"11",3.07225113419632,3.48776612760423,"lnWGNkN"
"12",2.4732753771247,5.5456438739089,"lnWGNkN"
"13",11.2248124547415,-5.9924020111142,"lnWGNkN"
"14",-5.26967530267661,-7.01180066583829,"lnWGNkN"
"15",3.05461546443973,4.80470905536437,"lnWGNkN"
"16",6.6391611594862,-8.70326181074765,"lnWGNkN"
"17",14.6684619261521,12.4717326635482,"lnWGNkN"
"18",14.9068557677273,11.8110373231465,"lnWGNkN"
"19",13.2348526943631,-5.75424447720729,"lnWGNkN"
"20",18.712206199094,3.74179479295381,"lnWGNkN"
"21",6.12977358711557,-4.59559340283978,"lnWGNkN"
"22",-3.21293060989467,-6.18428142760649,"lnWGNkN"
"23",14.0842202754995,6.17860215735585,"lnWGNkN"
"24",10.4372982148645,-7.63017127255573,"lnWGNkN"
"25",1.73452947308394,2.54139374460453,"lnWGNkN"
"26",14.7934803428544,6.79321152301066,"lnWGNkN"
"27",20.3169295787635,2.08927097235802,"lnWGNkN"
"28",14.0841035436183,-0.0854416952195409,"lnWGNkN"
"29",13.8323440177714,2.09116791929773,"lnWGNkN"
"30",15.1680547196238,3.1212905630594,"lnWGNkN"
"31",5.42860161361598,1.69071766996423,"lnWGNkN"
"32",8.43568253143839,-6.98228071407688,"lnWGNkN"
"33",17.0807380990458,2.76858452658347,"lnWGNkN"
"34",18.5261763322665,4.67363177042146,"lnWGNkN"
"35",17.2292459842182,3.27907206806916,"lnWGNkN"
"36",21.5256127060785,2.8191012397335,"lnWGNkN"
"37",11.3956493496998,16.3909466841991,"lnWGNkN"
"38",16.7807746908749,10.2535654097339,"lnWGNkN"
"39",8.5828535512109,-5.44925324045159,"lnWGNkN"
"40",-0.301533799349011,-5.38982734746137,"lnWGNkN"
"41",7.03714658751016,-5.41567018134625,"lnWGNkN"
"42",20.3262728738823,-2.07734964825285,"lnWGNkN"
"43",-6.38312892600837,-9.53217997609012,"lnWGNkN"
"44",1.45152416852275,6.56633319844521,"lnWGNkN"
"45",17.1353500076053,3.50259305221167,"lnWGNkN"
"46",9.94597931311072,11.7791307280927,"lnWGNkN"
"47",16.801005890315,13.328510196668,"lnWGNkN"
"48",4.35860504917766,8.10162589353325,"lnWGNkN"
"49",4.51103162752695,6.29162240381795,"lnWGNkN"
"50",14.9797379954377,13.9871537791083,"lnWGNkN"
"51",7.77320246611572,-7.10325604017893,"lnWGNkN"
"52",1.19446857918699,4.45022609387737,"lnWGNkN"
"53",9.61898535576421,-5.97828691179634,"lnWGNkN"
"54",15.3479203626973,2.60486639426876,"lnWGNkN"
"55",14.3795304515051,12.7899125961143,"lnWGNkN"
"56",8.36597733375024,5.17197230045874,"lnWGNkN"
"57",6.10934596774941,-6.57988439308141,"lnWGNkN"
"58",9.96052653628723,-5.29243886079946,"lnWGNkN"
"59",10.7024029497882,16.9385660767114,"lnWGNkN"
"60",-7.23794494179135,-2.71036428427858,"lnWGNkN"
"61",13.1606965250043,13.4863363746882,"lnWGNkN"
"62",17.6922672866852,2.39205682186562,"lnWGNkN"
"63",13.4199975733804,16.0160730995839,"lnWGNkN"
"64",-2.49003768301599,-5.83344638737426,"lnWGNkN"
"65",18.2900001685625,0.350227138376178,"lnWGNkN"
"66",2.50133804831638,7.09282790400155,"lnWGNkN"
"67",3.8321702116468,7.91807754013314,"lnWGNkN"
"68",13.3322493674069,2.20491640354399,"lnWGNkN"
"69",5.34506900115963,7.06017741538355,"lnWGNkN"
"70",2.78218247963925,2.835234535533,"lnWGNkN"
"71",3.42702702849712,9.23863810179182,"lnWGNkN"
"72",15.2440748661529,3.20245729552589,"lnWGNkN"
"73",10.4271710465505,-6.33135709905887,"lnWGNkN"
"74",-7.38124334017755,-3.69282904399431,"lnWGNkN"
"75",16.9917963909807,3.5197834243035,"lnWGNkN"
"76",8.90028919373129,-7.50258693345574,"lnWGNkN"
"77",4.24562742784915,5.0737974448026,"lnWGNkN"
"78",16.0157796724185,15.2543269177771,"lnWGNkN"
"79",-3.10785280730989,-0.640204414960614,"lnWGNkN"
"80",4.55219590581465,6.12911497349713,"lnWGNkN"
"81",7.69568751976084,-7.75576125800841,"lnWGNkN"
"82",-0.0636333755123593,-7.99621587570232,"lnWGNkN"
"83",13.3945232293778,4.79463189352026,"lnWGNkN"
"84",10.9799977030057,-7.78135327264395,"lnWGNkN"
"85",9.14759227882709,19.1825205585862,"lnWGNkN"
"86",13.5438294853467,14.8972579235845,"lnWGNkN"
"87",18.0077067047999,3.75983145458472,"lnWGNkN"
"88",-3.26517179640651,-7.05382113245351,"lnWGNkN"
"89",15.5737581303029,4.13083089532644,"lnWGNkN"
"90",-6.76960629682794,-8.54849344652296,"lnWGNkN"
"91",14.0224309250677,12.85349099078,"lnWGNkN"
"92",-5.49436622641272,-4.855532709497,"lnWGNkN"
"93",8.58215534980001,-7.31897816378859,"lnWGNkN"
"94",6.51797874809158,-8.75295374308496,"lnWGNkN"
"95",-2.80108308594845,-7.76882471954525,"lnWGNkN"
"96",18.4507958771933,2.64081836887741,"lnWGNkN"
"97",9.52909158219953,-8.16357915152576,"lnWGNkN"
"98",1.0984363043725,-3.705483646728,"lnWGNkN"
"99",7.94151391369771,-7.61602235431149,"lnWGNkN"
"100",18.5683188465075,5.28225447468347,"lnWGNkN"
"101",-2.4257622728854,-2.89494866426123,"lnWGNkN"
"102",-9.49136900579265,-3.90373044324923,"lnWGNkN"
"103",2.78555163071728,5.565262418522,"lnWGNkN"
"104",14.4101008082776,6.40073450198062,"lnWGNkN"
"105",12.6253811777273,12.8228776056789,"lnWGNkN"
"106",-2.18374267931815,-5.23459096602739,"lnWGNkN"
"107",7.41248454018117,-9.09227887237785,"lnWGNkN"
"108",3.20037252230227,3.10133265682747,"lnWGNkN"
"109",15.4621683037595,-0.286741164232216,"lnWGNkN"
"110",18.4750593984456,4.15064687862916,"lnWGNkN"
"111",12.1026343363474,12.6579786005182,"lnWGNkN"
"112",-8.08255597940434,-5.56050710175098,"lnWGNkN"
"113",15.0598779034835,14.8333973361816,"lnWGNkN"
"114",1.70395796664442,5.01747081682799,"lnWGNkN"
"115",-4.73839568121279,-0.693841555502546,"lnWGNkN"
"116",3.87032428727327,6.89590076607148,"lnWGNkN"
"117",5.40063151520411,7.6832317277126,"lnWGNkN"
"118",10.8227255776873,13.3490902830668,"lnWGNkN"
"119",4.31815280597144,2.98417946129263,"lnWGNkN"
"120",1.12870538410846,3.72093902513724,"lnWGNkN"
"121",9.09878720874597,17.5227384129717,"lnWGNkN"
"122",17.6035045658794,4.0770458103163,"lnWGNkN"
"123",6.03051842595324,6.18231354513289,"lnWGNkN"
"124",3.34420065209813,5.0782692397416,"lnWGNkN"
"125",14.9968216041271,3.9149747302368,"lnWGNkN"
"126",6.37731861466141,7.71059736962383,"lnWGNkN"
"127",11.2183308110933,-6.1725534091756,"lnWGNkN"
"128",14.3101159274022,1.30263166919209,"lnWGNkN"
"129",12.9706561824123,14.4934340201775,"lnWGNkN"
"130",19.6804897991966,5.30844759124704,"lnWGNkN"
"131",7.10989769976128,-9.44310692495454,"lnWGNkN"
"132",8.21196964160895,20.0718319599961,"lnWGNkN"
"133",14.8499580567519,12.4957957857252,"lnWGNkN"
"134",17.4728340274785,3.19680537711243,"lnWGNkN"
"135",8.34666704856697,-6.56773731187392,"lnWGNkN"
"136",-4.68521657163573,-1.53887098285652,"lnWGNkN"
"137",15.0869748830965,14.152617960133,"lnWGNkN"
"138",16.6325181454369,2.96921370174991,"lnWGNkN"
"139",-4.59083715999146,-6.26716793595389,"lnWGNkN"
"140",-2.05833225221065,-2.62896474299372,"lnWGNkN"
"141",14.8397151646984,-1.37705984486461,"lnWGNkN"
"142",7.98653803184348,-6.62717415212313,"lnWGNkN"
"143",18.2943035332799,12.0994568409662,"lnWGNkN"
"144",4.05307303879237,3.44338079232493,"lnWGNkN"
"145",14.8060560963164,7.3704171293971,"lnWGNkN"
"146",13.347441002766,14.9986418442114,"lnWGNkN"
"147",14.8867504818788,3.32793791790262,"lnWGNkN"
"148",15.1677783470584,15.488181494609,"lnWGNkN"
"149",12.4524316960821,15.8859594446493,"lnWGNkN"
"150",-3.34424050690777,-7.83428494152091,"lnWGNkN"
"151",13.8987554949452,13.8692416137063,"lnWGNkN"
"152",-3.55800463663164,-11.1180888598927,"lnWGNkN"
"153",11.7286288147352,16.2210892241743,"lnWGNkN"
"154",-5.17281828079065,-1.76974571111265,"lnWGNkN"
"155",14.9796825703887,4.80343025530966,"lnWGNkN"
"156",9.71678852429164,18.757411786145,"lnWGNkN"
"157",2.91908757514476,6.06131548202535,"lnWGNkN"
"158",-7.2399072783827,-5.09687362885832,"lnWGNkN"
"159",18.8422991654496,3.08271073145853,"lnWGNkN"
"160",-1.3542974865919,-7.77513558587956,"lnWGNkN"
"161",17.7238184620472,2.01778982459191,"lnWGNkN"
"162",12.3851903725178,13.454328645782,"lnWGNkN"
"163",12.3837486879327,4.91175551221387,"lnWGNkN"
"164",12.3383228711144,17.6220033591192,"lnWGNkN"
"165",8.98987565715945,-7.47798661409329,"lnWGNkN"
"166",12.3941026069321,16.0685927754545,"lnWGNkN"
"167",12.862784788462,4.55538904195874,"lnWGNkN"
"168",-2.23381781199021,-0.927846809984481,"lnWGNkN"
"169",6.61807284310812,-5.6674309723861,"lnWGNkN"
"170",5.27462866143309,4.69555862894005,"lnWGNkN"
"171",15.5262136641026,1.29335620711706,"lnWGNkN"
"172",15.5355115802929,11.7017913923662,"lnWGNkN"
"173",18.1791245843625,4.50089833175339,"lnWGNkN"
"174",9.05155528228883,20.2007459664775,"lnWGNkN"
"175",7.70527532880706,-8.00455081217809,"lnWGNkN"
"176",-0.810273206036221,-5.45787780498742,"lnWGNkN"
"177",10.2064989345444,-7.50352814834476,"lnWGNkN"
"178",-4.33586668379338,-6.30126812552433,"lnWGNkN"
"179",-9.3191477345309,-4.86915304335388,"lnWGNkN"
"180",3.24317472851909,3.3436568902811,"lnWGNkN"
"181",9.95854697244052,-8.67479456475602,"lnWGNkN"
"182",8.2475243214568,-6.3398766873653,"lnWGNkN"
"183",12.901723768617,15.4974721272875,"lnWGNkN"
"184",7.11939700152327,2.09569362485218,"lnWGNkN"
"185",15.4202953136323,3.13657392747667,"lnWGNkN"
"186",14.1571160421259,4.95365297440143,"lnWGNkN"
"187",7.31099535816033,2.98369325500013,"lnWGNkN"
"188",4.59502079277727,9.50696150779361,"lnWGNkN"
"189",6.9450044177135,-9.60925825255717,"lnWGNkN"
"190",9.14768904865623,-6.48325021245708,"lnWGNkN"
"191",13.1266929035848,17.1533052661843,"lnWGNkN"
"192",-4.7772946621896,-4.29108975129181,"lnWGNkN"
"193",15.4061081751677,15.1805400328724,"lnWGNkN"
"194",11.595395415263,17.1120549846072,"lnWGNkN"
"195",-3.11472388950661,-5.162385890525,"lnWGNkN"
"196",13.4176035276567,11.1150178507844,"lnWGNkN"
"197",13.1360043361558,14.8947606361157,"lnWGNkN"
"198",-1.30544169714058,-4.13794361867324,"lnWGNkN"
"199",7.53656892284708,4.88114786345748,"lnWGNkN"
"200",2.29015675300498,7.75922063096286,"lnWGNkN"
"201",16.620148974927,4.89575713268177,"lnWGNkN"
"202",9.61083878160597,-7.29864573380741,"lnWGNkN"
"203",-1.90732429132924,-6.4806191486629,"lnWGNkN"
"204",4.52611467956727,5.23059440119356,"lnWGNkN"
"205",-5.41150796575659,-1.80825588957615,"lnWGNkN"
"206",10.0536815577613,-6.8420606485989,"lnWGNkN"
"207",16.8913901936555,3.5335689304996,"lnWGNkN"
"208",5.45841254087771,5.85896059216347,"lnWGNkN"
"209",-3.25579246607475,-5.98282156840375,"lnWGNkN"
"210",-2.27992381250218,-8.33493951719944,"lnWGNkN"
"211",11.7501251653054,-6.66138204033451,"lnWGNkN"
"212",7.9446640740096,-7.20103744277651,"lnWGNkN"
"213",-1.93172021545605,-9.96204966090383,"lnWGNkN"
"214",20.1513482927873,0.596680381852872,"lnWGNkN"
"215",2.08177557363725,3.90689251954927,"lnWGNkN"
"216",19.5976799822817,3.03959474373939,"lnWGNkN"
"217",-1.24078004853528,-3.92098840498643,"lnWGNkN"
"218",7.70622510816597,-5.49444699856927,"lnWGNkN"
"219",24.6502218892793,2.6110610425413,"lnWGNkN"
"220",16.558626630913,1.00107725015389,"lnWGNkN"
"221",18.1768782948969,-0.612856100792794,"lnWGNkN"
"222",18.6276436494583,3.28780140973956,"lnWGNkN"
"223",13.9840224062925,16.1934497007794,"lnWGNkN"
"224",-2.05368445121644,-4.49138976293395,"lnWGNkN"
"225",12.3308564392425,-7.54781511391843,"lnWGNkN"
"226",13.7333240020813,2.84948999828875,"lnWGNkN"
"227",8.34565769761628,-8.35045934827066,"lnWGNkN"
"228",9.11531119086142,-5.26314315254404,"lnWGNkN"
"229",-7.46537885768078,-9.9557515953934,"lnWGNkN"
"230",4.4394655184425,4.61013696166504,"lnWGNkN"
"231",11.1690441858379,17.1477146862945,"lnWGNkN"
"232",-4.6826860151293,-6.00608807855096,"lnWGNkN"
"233",-5.48872999762579,-7.15019779568283,"lnWGNkN"
"234",13.0594318787436,2.76573014553805,"lnWGNkN"
"235",17.8087277787164,0.442658747874284,"lnWGNkN"
"236",11.5552825385972,12.9257129390686,"lnWGNkN"
"237",5.35560320963379,5.20841445997728,"lnWGNkN"
"238",14.9389115539475,13.3245050183225,"lnWGNkN"
"239",12.0960433959196,19.9871332738202,"lnWGNkN"
"240",15.7859084585821,15.27169401655,"lnWGNkN"
"241",14.1894241587316,16.7624804112297,"lnWGNkN"
"242",8.78435916940817,-7.34576306740333,"lnWGNkN"
"243",-2.97260611159511,-12.3857787719699,"lnWGNkN"
"244",20.4957512336138,5.60773244400345,"lnWGNkN"
"245",7.69406197603693,-8.0553091130241,"lnWGNkN"
"246",11.7314001101121,-7.52861151697391,"lnWGNkN"
"247",-10.5583680575976,-4.48920175248808,"lnWGNkN"
"248",9.31495797270733,-7.72700253650389,"lnWGNkN"
"249",10.3584828339106,16.0441236464787,"lnWGNkN"
"250",10.3967577572863,-7.24219053580812,"lnWGNkN"
"251",13.0400566061591,16.2655394484843,"lnWGNkN"
"252",17.8347889160262,10.0123890440451,"lnWGNkN"
"253",18.1224525269,2.92654478650462,"lnWGNkN"
"254",-3.71865782575864,-2.45114458855246,"lnWGNkN"
"255",9.26504859590613,15.849519793228,"lnWGNkN"
"256",8.24609583884143,3.47756717450693,"lnWGNkN"
"257",17.6711858915063,6.16708660790798,"lnWGNkN"
"258",3.72015492725847,5.89008517846261,"lnWGNkN"
"259",16.0471796135943,4.24875659349724,"lnWGNkN"
"260",-1.38000849493272,-3.451413186061,"lnWGNkN"
"261",-5.98726971742211,-10.9067557970743,"lnWGNkN"
"262",16.3070831182302,5.62875928888228,"lnWGNkN"
"263",-2.55038296289473,-5.10535960439321,"lnWGNkN"
"264",15.7108488407244,2.57900632497278,"lnWGNkN"
"265",10.1757180016685,14.4315936909552,"lnWGNkN"
"266",-5.65587057261816,-6.71626581293726,"lnWGNkN"
"267",12.3960513786593,16.6885995195622,"lnWGNkN"
"268",8.48007173997884,-7.19569786318847,"lnWGNkN"
"269",12.8066009390247,19.1106397789455,"lnWGNkN"
"270",7.89354917601712,-6.54849297857876,"lnWGNkN"
"271",-1.78398616797308,-8.05902429953751,"lnWGNkN"
"272",12.6336112735373,15.2637426939092,"lnWGNkN"
"273",13.1405893180521,13.3983472721737,"lnWGNkN"
"274",6.55577228879137,-8.95499686467326,"lnWGNkN"
"275",-4.85742256245383,-5.13602059495426,"lnWGNkN"
"276",10.3788932749173,11.692194454467,"lnWGNkN"
"277",-4.83842523665287,-5.29710753468296,"lnWGNkN"
"278",12.8502442407222,15.5435541900836,"lnWGNkN"
"279",-5.7987142449172,-5.00119933566335,"lnWGNkN"
"280",15.1079011206387,2.54792840547141,"lnWGNkN"
"281",9.65496745179236,-7.32664189898387,"lnWGNkN"
"282",6.88339133089322,-4.80209763291643,"lnWGNkN"
"283",-0.0665799093471362,5.13935547338283,"lnWGNkN"
"284",14.0678604259622,3.09142084507404,"lnWGNkN"
"285",0.533407083966717,4.22101680670119,"lnWGNkN"
"286",6.3806948681177,4.93380096268071,"lnWGNkN"
"287",1.78342469910818,1.62107098516104,"lnWGNkN"
"288",16.9345172965087,6.51720658373163,"lnWGNkN"
"289",7.83678582219325,-6.9317166832585,"lnWGNkN"
"290",-7.86091938913311,-3.17932318548874,"lnWGNkN"
"291",10.7983077079304,12.3926190632845,"lnWGNkN"
"292",18.9891258381367,2.73401233882745,"lnWGNkN"
"293",5.50564516684362,5.3398280894448,"lnWGNkN"
"294",-1.75424593073529,-10.046747231311,"lnWGNkN"
"295",4.14348339363242,7.37779574876771,"lnWGNkN"
"296",3.6274130951943,4.65051405736162,"lnWGNkN"
"297",13.2702679785974,14.6208925113178,"lnWGNkN"
"298",11.6676750069214,-7.53821628588245,"lnWGNkN"
"299",24.1525065297099,4.91572049741828,"lnWGNkN"
"300",-7.37527184733111,-4.53583223463009,"lnWGNkN"
"301",14.53488290175,4.32423724351366,"lnWGNkN"
"302",-7.81919287040548,-2.65641474050385,"lnWGNkN"
"303",-0.666333344636241,1.68660528389538,"lnWGNkN"
"304",8.49458722818405,-6.52922522788318,"lnWGNkN"
"305",8.60022067393705,-4.89376857795977,"lnWGNkN"
"306",-0.709293096701783,-7.47548832679858,"lnWGNkN"
"307",5.3031447908271,5.70866716222327,"lnWGNkN"
"308",8.63969196068502,-6.18363671520286,"lnWGNkN"
"309",6.48937857472007,1.91560346724019,"lnWGNkN"
"310",-1.43758317909486,-0.842025720490615,"lnWGNkN"
"311",20.9855759404376,3.4431675016021,"lnWGNkN"
"312",6.04760391609563,4.30225683070847,"lnWGNkN"
"313",10.6587825904634,-4.93730628231684,"lnWGNkN"
"314",2.88811472777121,4.94855837026645,"lnWGNkN"
"315",13.5398548695791,15.7462962620904,"lnWGNkN"
"316",-4.49904944036912,-0.519169268521771,"lnWGNkN"
"317",-2.31725656110169,-7.00932522282482,"lnWGNkN"
"318",14.8463706037748,15.1449948642858,"lnWGNkN"
"319",-2.26338906347259,-5.21887073832579,"lnWGNkN"
"320",9.55709125156241,-6.95876696094356,"lnWGNkN"
"321",17.0716862301648,1.40849792301668,"lnWGNkN"
"322",5.16228539781745,4.10490710418374,"lnWGNkN"
"323",10.4161076305025,-7.84912300788805,"lnWGNkN"
"324",12.6609063223902,3.03697244584672,"lnWGNkN"
"325",5.82858718329297,3.05887240315694,"lnWGNkN"
"326",14.1799684845197,16.2704080110862,"lnWGNkN"
"327",17.8825085479328,5.2112723341707,"lnWGNkN"
"328",10.6565343165506,-5.73221732638797,"lnWGNkN"
"329",4.74371376101446,7.12087945243943,"lnWGNkN"
"330",8.16516571359356,-4.07813419341257,"lnWGNkN"
"331",-2.49254263102833,-5.21409175502724,"lnWGNkN"
"332",-6.28293690456331,-5.05107324834761,"lnWGNkN"
"333",14.4089897496585,1.63851771497191,"lnWGNkN"
"334",6.02135127919152,5.3279380528415,"lnWGNkN"
"335",4.89589985641939,4.83194602276968,"lnWGNkN"
"336",12.2510098691641,16.6100125916352,"lnWGNkN"
"337",13.952688228071,14.0924326856687,"lnWGNkN"
"338",14.963532734312,4.17353691293916,"lnWGNkN"
"339",8.25021492844492,-7.49669282534231,"lnWGNkN"
"340",10.7252264064516,-8.2721261427758,"lnWGNkN"
"341",4.0402749391384,4.81578594816249,"lnWGNkN"
"342",8.61209412125404,16.372492960107,"lnWGNkN"
"343",7.59936276195865,-6.85187587770397,"lnWGNkN"
"344",8.42992021533423,-6.76281683153903,"lnWGNkN"
"345",17.9942518683475,0.469190440219228,"lnWGNkN"
"346",12.718882410408,12.4447123757211,"lnWGNkN"
"347",5.20022367110008,4.53300117170463,"lnWGNkN"
"348",-7.62706313848402,-2.52054706624524,"lnWGNkN"
"349",11.4530632305081,-7.47912860686026,"lnWGNkN"
"350",2.36128759135301,5.11116116887591,"lnWGNkN"
"351",12.138503748448,13.6322547646169,"lnWGNkN"
"352",-4.73865973938013,-5.94053332464904,"lnWGNkN"
"353",13.8421185040513,15.6083696347158,"lnWGNkN"
"354",12.358273250715,-7.11860870743654,"lnWGNkN"
"355",-3.62686659327356,-3.45840335831304,"lnWGNkN"
"356",15.2215791777349,3.68234326067622,"lnWGNkN"
"357",5.40483346257063,3.69054339832278,"lnWGNkN"
"358",5.02246216588211,5.23569409188441,"lnWGNkN"
"359",20.6980110581503,0.588448551723043,"lnWGNkN"
"360",12.4323691365556,13.4678194426211,"lnWGNkN"
"361",15.8942986572333,15.2744936421257,"lnWGNkN"
"362",-6.22449756884955,-7.08069085994635,"lnWGNkN"
"363",8.00929903329877,13.331708350793,"lnWGNkN"
"364",19.0505563287232,3.78773487405742,"lnWGNkN"
"365",2.50845100884789,3.43332816465033,"lnWGNkN"
"366",17.1510177300663,-0.865737781527541,"lnWGNkN"
"367",-6.20320309165015,-4.1866473172668,"lnWGNkN"
"368",5.20489624028027,6.74051658184327,"lnWGNkN"
"369",11.0370305442449,15.4770427087783,"lnWGNkN"
"370",5.29066187789865,7.24270518167098,"lnWGNkN"
"371",-4.33652576789958,-4.63000949364047,"lnWGNkN"
"372",15.2621081435538,1.17424758282913,"lnWGNkN"
"373",-10.0740393757646,-6.34015827663145,"lnWGNkN"
"374",-3.17478255850281,-7.99095855591093,"lnWGNkN"
"375",7.54399514527799,-8.01988608276786,"lnWGNkN"
"376",9.21520133047841,-8.26653520624731,"lnWGNkN"
"377",0.0447404483102325,-1.9847365701204,"lnWGNkN"
"378",-4.11021570208449,-3.78525702872473,"lnWGNkN"
"379",0.967825541583847,0.186776028783393,"lnWGNkN"
"380",-9.3319267950703,-3.56352038206011,"lnWGNkN"
"381",13.9338353287492,1.88159349611855,"lnWGNkN"
"382",7.72506656343789,4.60973010519957,"lnWGNkN"
"383",4.20913472196641,7.9405088952775,"lnWGNkN"
"384",-6.57608010852695,-3.53263467518847,"lnWGNkN"
"385",-3.50249446508335,-7.9473088547492,"lnWGNkN"
"386",15.7198020508693,1.69568263933563,"lnWGNkN"
"387",15.2299327116279,15.2899260571905,"lnWGNkN"
"388",4.2205703160476,3.33993946953161,"lnWGNkN"
"389",10.3187561565135,-5.89641765075212,"lnWGNkN"
"390",13.1845563220728,16.9013659633786,"lnWGNkN"
"391",12.4994205104938,19.087513595919,"lnWGNkN"
"392",-3.88806776526986,-10.3028877861755,"lnWGNkN"
"393",-1.74449064116394,-6.75899717996173,"lnWGNkN"
"394",-1.00247634420265,-5.49390766296631,"lnWGNkN"
"395",10.0937521322303,-7.45043729582077,"lnWGNkN"
"396",-5.65376585583219,-4.05446932756229,"lnWGNkN"
"397",7.9562707576475,-6.62583767552264,"lnWGNkN"
"398",-4.17002728862962,-6.29048646527639,"lnWGNkN"
"399",13.8517172852102,15.649012552126,"lnWGNkN"
"400",16.4042774077378,0.0267008690102588,"lnWGNkN"
"401",-5.41801174752247,-6.57781634950148,"lnWGNkN"
"402",4.30705852759881,8.90262851355294,"lnWGNkN"
"403",3.4940267902938,-6.96781761328365,"lnWGNkN"
"404",-7.02662678629632,-3.17214849677114,"lnWGNkN"
"405",16.0050830854146,2.74984158188528,"lnWGNkN"
"406",12.0169810477113,3.65862208655332,"lnWGNkN"
"407",3.86704315128345,5.68173967143535,"lnWGNkN"
"408",14.9338468766403,3.39877170807929,"lnWGNkN"
"409",4.20729601790867,6.50714308680061,"lnWGNkN"
"410",2.75479490212433,7.61469607242444,"lnWGNkN"
"411",-2.71499038009827,-8.24892466682553,"lnWGNkN"
"412",16.8113033059998,1.46418965873807,"lnWGNkN"
"413",-3.20358851303185,-7.04781863785168,"lnWGNkN"
"414",-3.5725184494162,-0.409817055821255,"lnWGNkN"
"415",15.8874153734393,4.49046771564826,"lnWGNkN"
"416",5.77692068283474,7.05465247829069,"lnWGNkN"
"417",-1.98369522421508,-8.63320048818335,"lnWGNkN"
"418",18.9799595485269,2.19968254333678,"lnWGNkN"
"419",15.3681193927396,2.45764930946348,"lnWGNkN"
"420",2.43016902119034,-4.61006620456527,"lnWGNkN"
"421",-3.7798369988107,-5.78988279184501,"lnWGNkN"
"422",14.6990417807897,12.9408681097064,"lnWGNkN"
"423",-2.93260884920093,-6.54165070479485,"lnWGNkN"
"424",10.9744304969284,-5.54054638339234,"lnWGNkN"
"425",9.86899578232467,-6.85975413121638,"lnWGNkN"
"426",9.12565624542558,-6.27673526081403,"lnWGNkN"
"427",8.52601977345178,-9.83424135020267,"lnWGNkN"
"428",16.5270428518798,6.42231423463962,"lnWGNkN"
"429",12.0903107416565,14.7720775853965,"lnWGNkN"
"430",-2.49476837898596,-6.58159045745652,"lnWGNkN"
"431",7.5027990521049,-7.70929786095281,"lnWGNkN"
"432",5.80164316987894,4.39784304328025,"lnWGNkN"
"433",12.4747837027252,14.8950703860065,"lnWGNkN"
"434",20.0679083138828,2.95212275985613,"lnWGNkN"
"435",9.71150291677065,18.9080524964947,"lnWGNkN"
"436",-7.36951572098044,-7.34993312283816,"lnWGNkN"
"437",3.22065522916797,3.69641712777203,"lnWGNkN"
"438",-6.44672223163364,-1.15649945740846,"lnWGNkN"
"439",15.6836714935377,3.80713887838157,"lnWGNkN"
"440",19.9868745735358,3.69558032222065,"lnWGNkN"
"441",-1.89915635168504,-4.19705170829949,"lnWGNkN"
"442",3.41654777406263,-6.32945032611336,"lnWGNkN"
"443",5.88314126595013,4.80501923071409,"lnWGNkN"
"444",-2.94145627870929,-5.85545178549767,"lnWGNkN"
"445",3.19711658590403,6.32763492443174,"lnWGNkN"
"446",13.7655722590199,13.3088926118598,"lnWGNkN"
"447",6.47890545471597,8.17430373392484,"lnWGNkN"
"448",4.61536334127689,2.35343906833062,"lnWGNkN"
"449",7.3634674437685,-6.28541025168951,"lnWGNkN"
"450",10.9442744540888,-6.75886550554613,"lnWGNkN"
"451",9.59330261086276,-5.99268954291176,"lnWGNkN"
"452",7.70409537850718,-9.74171097888833,"lnWGNkN"
"453",8.09790392707644,-7.13283919760644,"lnWGNkN"
"454",0.846549480768751,5.27168461984035,"lnWGNkN"
"455",3.93586393304872,3.07426001589488,"lnWGNkN"
"456",14.5433287903641,14.4449660631309,"lnWGNkN"
"457",1.98085302987754,3.20236460625547,"lnWGNkN"
"458",10.4609319595764,13.743998190899,"lnWGNkN"
"459",11.0985015778461,15.2016411154694,"lnWGNkN"
"460",-3.00521963820369,-5.55854375662406,"lnWGNkN"
"461",-1.85316154468228,-12.4800081496213,"lnWGNkN"
"462",2.51264796758225,-6.1697871587999,"lnWGNkN"
"463",12.3525729323419,16.7831522958255,"lnWGNkN"
"464",-3.54063317557431,-8.77856387656777,"lnWGNkN"
"465",18.7356002728862,0.951490602737993,"lnWGNkN"
"466",5.34225155743361,7.59827975567122,"lnWGNkN"
"467",8.45314676315747,5.55877166854478,"lnWGNkN"
"468",-4.69345450124353,-11.8171803600972,"lnWGNkN"
"469",12.5347415126654,14.8624371049411,"lnWGNkN"
"470",15.9365537491552,3.70642974225199,"lnWGNkN"
"471",4.60692354331021,3.74663775195584,"lnWGNkN"
"472",22.9052231407712,-1.376151844995,"lnWGNkN"
"473",6.34662705734498,7.52344777071659,"lnWGNkN"
"474",-5.5559873460501,-3.82778090025791,"lnWGNkN"
"475",9.84932711588883,-7.6748193161575,"lnWGNkN"
"476",9.79730883394384,-5.8760280138818,"lnWGNkN"
"477",13.4367434813685,12.4755613276392,"lnWGNkN"
"478",2.11369501981521,6.20643670943348,"lnWGNkN"
"479",17.9560486834773,3.21870226187156,"lnWGNkN"
"480",6.67771715920823,-9.29184875011553,"lnWGNkN"
"481",9.38592566735193,13.2550677614453,"lnWGNkN"
"482",7.59275800325526,-8.6434496234297,"lnWGNkN"
"483",-4.73069642607555,-6.55089676302232,"lnWGNkN"
"484",16.9246440844498,3.00855948761485,"lnWGNkN"
"485",12.7232438463597,15.2822248049334,"lnWGNkN"
"486",4.49038336983229,6.81147012885055,"lnWGNkN"
"487",10.4179909389406,-5.88014379656317,"lnWGNkN"
"488",17.8894288410884,6.19445728464565,"lnWGNkN"
"489",3.96649427293259,2.34513805882388,"lnWGNkN"
"490",7.70706187208969,-7.76740214852819,"lnWGNkN"
"491",-0.491094631627461,-7.82868594781828,"lnWGNkN"
"492",-7.19640584792895,-6.71407728847458,"lnWGNkN"
"493",0.799607729831331,4.01564572219271,"lnWGNkN"
"494",3.41742548620011,6.06865942635732,"lnWGNkN"
"495",-0.576042997322695,5.22421917702156,"lnWGNkN"
"496",5.30311502913573,3.01258582142547,"lnWGNkN"
"497",2.21127845575262,4.21015303262823,"lnWGNkN"
"498",14.7144013529081,9.99954249523247,"lnWGNkN"
"499",14.844758349515,14.1609888452333,"lnWGNkN"
"500",12.0295032522419,16.2282288955943,"lnWGNkN"
"501",8.0623876666014,-7.75879138594495,"lnWGNkN"
"502",14.3546227442492,13.166228922023,"lnWGNkN"
"503",1.47494945897548,7.61731375773685,"lnWGNkN"
"504",8.74009632101899,-7.77591216719609,"lnWGNkN"
"505",-4.20154039204568,-8.37695050233935,"lnWGNkN"
"506",15.8583630820934,4.07726799321537,"lnWGNkN"
"507",-1.96489754643001,-2.94144811690411,"lnWGNkN"
"508",4.86762180088708,8.27631208444308,"lnWGNkN"
"509",9.3110555744236,-7.12111098014436,"lnWGNkN"
"510",18.4071455537499,0.894537369606465,"lnWGNkN"
"511",7.44113931795527,-6.19853314075528,"lnWGNkN"
"512",9.32445174900313,-8.79221222935779,"lnWGNkN"
"513",16.2517657721045,2.1051509964465,"lnWGNkN"
"514",9.22043803895743,18.0407620819338,"lnWGNkN"
"515",8.96957844589842,-6.92268516003803,"lnWGNkN"
"516",15.375299018543,11.6933216808874,"lnWGNkN"
"517",13.1651040300462,14.2114128225266,"lnWGNkN"
"518",-5.11309410656277,-3.03749556850432,"lnWGNkN"
"519",10.3639556276465,14.9778539209372,"lnWGNkN"
"520",4.34268833399907,8.91068233024355,"lnWGNkN"
"521",12.4258616385052,16.7558138648204,"lnWGNkN"
"522",20.6564485802746,3.68979173419004,"lnWGNkN"
"523",3.63274239960874,0.363086398053063,"lnWGNkN"
"524",-2.98716940770323,-5.28484412466467,"lnWGNkN"
"525",10.7051445436475,-8.00393761942031,"lnWGNkN"
"526",-8.05942550884611,-4.53863573295525,"lnWGNkN"
"527",18.7593804687212,1.73396888260183,"lnWGNkN"
"528",3.11794463892218,3.59034860706212,"lnWGNkN"
"529",7.69974964365107,-7.7045308022906,"lnWGNkN"
"530",-6.63470439238619,-4.09803355641602,"lnWGNkN"
"531",17.817760954976,-1.31662568275663,"lnWGNkN"
"532",19.2219065380709,2.89495295827132,"lnWGNkN"
"533",6.59341905771847,4.45043295980041,"lnWGNkN"
"534",13.7907475367012,0.846276213544084,"lnWGNkN"
"535",16.8520512911534,0.508495377650476,"lnWGNkN"
"536",5.75865471139488,-5.36901217587384,"lnWGNkN"
"537",13.700016766243,13.0248826333823,"lnWGNkN"
"538",12.8990994813076,12.9621746659,"lnWGNkN"
"539",8.06755698852039,-7.72353271299174,"lnWGNkN"
"540",6.57873798681783,-8.13797619754036,"lnWGNkN"
"541",-3.88634696181414,-5.51490749389569,"lnWGNkN"
"542",9.03768077502162,-7.66628752465765,"lnWGNkN"
"543",2.91976710984259,8.29368582581964,"lnWGNkN"
"544",-3.30115469253695,-4.8112594109701,"lnWGNkN"
"545",8.4484999250026,5.87467079798409,"lnWGNkN"
"546",-2.02199333163047,-7.3056015224948,"lnWGNkN"
"547",6.55192986543943,4.00156161591936,"lnWGNkN"
"548",16.4342689017644,2.02312049026299,"lnWGNkN"
"549",2.57118983376661,6.19613066760182,"lnWGNkN"
"550",10.677221667773,13.3199993333786,"lnWGNkN"
"551",9.2737670381719,18.3969966414389,"lnWGNkN"
"552",11.2423474210841,15.1128372288109,"lnWGNkN"
"553",6.57297984600578,-7.25548872136122,"lnWGNkN"
"554",16.6003678600335,2.30719796654224,"lnWGNkN"
"555",8.39464821460332,-7.4319437704862,"lnWGNkN"
"556",7.24451347399043,-8.49591680676205,"lnWGNkN"
"557",16.398730918802,1.57184249267264,"lnWGNkN"
"558",18.0112978177031,4.63201743424476,"lnWGNkN"
"559",6.45598581867865,-8.53638504783426,"lnWGNkN"
"560",-2.17717253746514,-7.14384609912463,"lnWGNkN"
"561",9.37809454378249,-7.54345609233769,"lnWGNkN"
"562",3.07196169015558,4.35528269806188,"lnWGNkN"
"563",12.3646077127608,15.6330860695387,"lnWGNkN"
"564",10.5626656184345,-7.62677136272981,"lnWGNkN"
"565",5.90388130028488,6.29553557775911,"lnWGNkN"
"566",8.04266101992896,-11.5009785288892,"lnWGNkN"
"567",1.80586099342963,3.56101488437263,"lnWGNkN"
"568",-0.409824365086055,-5.01360519233869,"lnWGNkN"
"569",20.1081263939122,3.0415061152101,"lnWGNkN"
"570",18.8924030256532,2.40876675436588,"lnWGNkN"
"571",9.49021367859685,-6.74467533288679,"lnWGNkN"
"572",12.3717096170915,14.4864368312466,"lnWGNkN"
"573",-5.41253883029222,-6.78050828703767,"lnWGNkN"
"574",22.8917984436737,4.73609511929544,"lnWGNkN"
"575",8.73902069413143,-6.00300603388083,"lnWGNkN"
"576",2.55257814733186,5.94053826081501,"lnWGNkN"
"577",9.37515165658341,16.0240371894265,"lnWGNkN"
"578",8.66286340904846,-5.95337061083096,"lnWGNkN"
"579",12.0878147024744,12.7273561703456,"lnWGNkN"
"580",12.1667428872768,15.6693708207557,"lnWGNkN"
"581",18.3495534766043,8.56058082505635,"lnWGNkN"
"582",12.4440639338206,10.3849393265246,"lnWGNkN"
"583",-5.36977313688924,-8.27697331376155,"lnWGNkN"
"584",-1.81221218843281,-3.18042792771498,"lnWGNkN"
"585",11.4578573872383,16.04278776572,"lnWGNkN"
"586",10.1872530723777,-6.07226290865936,"lnWGNkN"
"587",12.4118224498339,15.8110074089416,"lnWGNkN"
"588",0.946392678589144,4.12920277853619,"lnWGNkN"
"589",-2.68791478379281,-9.02662761986879,"lnWGNkN"
"590",16.5449091090379,3.39625556247321,"lnWGNkN"
"591",7.25134521938753,-7.97785607902185,"lnWGNkN"
"592",11.3972549561316,20.1669547620434,"lnWGNkN"
"593",9.56005029502856,16.8537266816391,"lnWGNkN"
"594",17.9617227791376,1.985177178023,"lnWGNkN"
"595",9.94825539615359,-4.80485320660418,"lnWGNkN"
"596",17.4090015484349,4.18500296959564,"lnWGNkN"
"597",13.1362421551427,6.24909095491967,"lnWGNkN"
"598",21.1104473878742,5.29981539447337,"lnWGNkN"
"599",9.39137632498443,-6.16927296394692,"lnWGNkN"
"600",15.5711334779109,3.50144776388968,"lnWGNkN"
"601",3.8715176075241,7.88302533401953,"lnWGNkN"
"602",11.4651766062659,13.6262608604318,"lnWGNkN"
"603",14.4950812103548,17.5523944491147,"lnWGNkN"
"604",9.24925247890255,-7.43685361865314,"lnWGNkN"
"605",7.77318371396343,-5.67567223860166,"lnWGNkN"
"606",9.42346114059657,-7.01434596658605,"lnWGNkN"
"607",-8.16632794103761,-4.97559662512611,"lnWGNkN"
"608",-5.53957574586951,-4.35837941352946,"lnWGNkN"
"609",11.7511889316038,18.5066676421921,"lnWGNkN"
"610",5.18258479063513,3.66493426364572,"lnWGNkN"
"611",4.57871566644235,6.95758832366031,"lnWGNkN"
"612",6.10818245915326,-6.59692952457999,"lnWGNkN"
"613",20.66974321289,2.04354494219248,"lnWGNkN"
"614",4.99133076518724,4.28296081919646,"lnWGNkN"
"615",15.5410465853083,4.86769591521436,"lnWGNkN"
"616",2.02650087659833,3.5826070808001,"lnWGNkN"
"617",16.1019752484735,1.92681394984286,"lnWGNkN"
"618",19.2676405417215,6.78716353574692,"lnWGNkN"
"619",3.21087182012345,7.26548157695285,"lnWGNkN"
"620",17.9062902608608,5.77146422876309,"lnWGNkN"
"621",2.60251099984264,6.13932168279194,"lnWGNkN"
"622",10.2878650582226,-7.27560848619255,"lnWGNkN"
"623",5.68280401486028,6.32744282208035,"lnWGNkN"
"624",10.6074700764982,13.075640599064,"lnWGNkN"
"625",3.09452568372479,3.81615601797221,"lnWGNkN"
"626",18.0739057841372,4.00168189130884,"lnWGNkN"
"627",13.0747071704966,16.41476338379,"lnWGNkN"
"628",7.06048589150308,7.75590042470799,"lnWGNkN"
"629",6.90986404792408,-8.18128493973183,"lnWGNkN"
"630",-2.60388990431236,-9.19290239452312,"lnWGNkN"
"631",-3.45303532433002,-4.65751561938619,"lnWGNkN"
"632",-0.686795971638257,-2.47088448644638,"lnWGNkN"
"633",-2.01360156503158,-2.0076623616689,"lnWGNkN"
"634",0.122337246488529,-4.23052348840431,"lnWGNkN"
"635",7.28294608761359,-4.37548726194339,"lnWGNkN"
"636",16.2316641336613,2.53888038363606,"lnWGNkN"
"637",14.8882037648747,-0.206511594600893,"lnWGNkN"
"638",4.46372398388169,5.07137114336154,"lnWGNkN"
"639",2.14911985891675,1.80422734463453,"lnWGNkN"
"640",7.25185554467627,-8.73839975090424,"lnWGNkN"
"641",7.62237911870026,-7.5510234542549,"lnWGNkN"
"642",10.5820862038867,16.8624550494518,"lnWGNkN"
"643",10.9638139923542,-5.53164532207879,"lnWGNkN"
"644",18.4194795563895,3.53484552994835,"lnWGNkN"
"645",12.1103044504496,10.6535803915083,"lnWGNkN"
"646",3.16421268823468,6.28411463560743,"lnWGNkN"
"647",-6.84275485501261,-2.56799788434153,"lnWGNkN"
"648",17.4681245882098,0.0317328078468773,"lnWGNkN"
"649",5.27318312869056,4.37066447592652,"lnWGNkN"
"650",6.94491384549641,-5.72214694133823,"lnWGNkN"
"651",5.58805567748639,-7.04574616618106,"lnWGNkN"
"652",-3.39584109690569,-3.71581911883252,"lnWGNkN"
"653",7.45039193290172,-6.17826620617001,"lnWGNkN"
"654",17.6881930207323,4.38013130826397,"lnWGNkN"
"655",-2.66995859691743,-2.81194662572478,"lnWGNkN"
"656",3.89358111976157,5.98629055285144,"lnWGNkN"
"657",11.2125284135228,18.5601028832403,"lnWGNkN"
"658",5.62466918363755,6.06544697908288,"lnWGNkN"
"659",3.45324384798078,6.41888872055102,"lnWGNkN"
"660",5.25806973692428,3.27483473051843,"lnWGNkN"
"661",3.66030097848044,6.89703928092834,"lnWGNkN"
"662",-4.9443045980161,-5.48294739217909,"lnWGNkN"
"663",18.7106723574656,4.10474089130514,"lnWGNkN"
"664",14.3290820887798,14.3771326402162,"lnWGNkN"
"665",-6.65668575366291,-7.38511734464158,"lnWGNkN"
"666",4.36192705546626,5.52264287663443,"lnWGNkN"
"667",2.22867955343431,6.18723442917168,"lnWGNkN"
"668",11.9277726701872,13.6269262493405,"lnWGNkN"
"669",16.9913604572742,4.50947479379671,"lnWGNkN"
"670",3.35610483530293,8.52329147580995,"lnWGNkN"
"671",15.3044092515333,15.7591325505857,"lnWGNkN"
"672",12.2341510615241,2.88502178056582,"lnWGNkN"
"673",3.86754418850665,5.52090259242386,"lnWGNkN"
"674",6.57165354623731,-5.37729668945464,"lnWGNkN"
"675",-3.01195912218668,-1.22434585640941,"lnWGNkN"
"676",10.2953082326505,-7.46721587611925,"lnWGNkN"
"677",-6.60279005842151,-2.21104739986659,"lnWGNkN"
"678",7.21536425403382,-8.23747682630695,"lnWGNkN"
"679",17.4843763897762,-0.72747499750493,"lnWGNkN"
"680",16.5118144721248,11.6983589002067,"lnWGNkN"
"681",18.5286142633547,1.37337073301163,"lnWGNkN"
"682",17.6956506753494,7.00831293901475,"lnWGNkN"
"683",12.9255140154621,15.9366218482403,"lnWGNkN"
"684",13.1818294105181,2.84798747734005,"lnWGNkN"
"685",8.2315045428405,-7.52043959285645,"lnWGNkN"
"686",11.5175451631228,-5.83155819806498,"lnWGNkN"
"687",9.04192932657423,-7.77788956417605,"lnWGNkN"
"688",18.6111603474695,3.84802161080653,"lnWGNkN"
"689",4.08774271532094,3.78537675132799,"lnWGNkN"
"690",14.1038757328017,4.04752647173205,"lnWGNkN"
"691",-5.76047354302504,-3.85609122038761,"lnWGNkN"
"692",4.5290088194854,4.31826797727398,"lnWGNkN"
"693",4.68656892248971,5.15203516575566,"lnWGNkN"
"694",11.6348046697513,19.2416057496502,"lnWGNkN"
"695",-4.085262821648,-7.4959536138112,"lnWGNkN"
"696",19.0240365542397,1.76707151943687,"lnWGNkN"
"697",16.7266883733859,4.47436316719753,"lnWGNkN"
"698",-5.9967140880076,-4.83879267126752,"lnWGNkN"
"699",4.86392854723691,1.15782708001327,"lnWGNkN"
"700",19.4863735028366,6.69440311784566,"lnWGNkN"
"701",5.81590946860398,3.11006157981472,"lnWGNkN"
"702",15.450320869902,3.54496669693321,"lnWGNkN"
"703",-6.54440372356711,-5.89806592919071,"lnWGNkN"
"704",11.9376929836219,7.22922682822535,"lnWGNkN"
"705",-4.83551063219737,-6.23786018145957,"lnWGNkN"
"706",2.94908124413441,8.17701362538712,"lnWGNkN"
"707",10.9768738249453,17.467517168838,"lnWGNkN"
"708",21.1735989001583,1.31333791723289,"lnWGNkN"
"709",13.5172377503903,17.2745443886002,"lnWGNkN"
"710",17.0876154530209,3.20847554539259,"lnWGNkN"
"711",-2.73056759013712,-2.75303864304997,"lnWGNkN"
"712",17.2465379670001,2.537833731519,"lnWGNkN"
"713",-0.188481975876755,8.54909921722121,"lnWGNkN"
"714",10.370019347404,14.9293880554177,"lnWGNkN"
"715",2.59963033786873,6.90684423095122,"lnWGNkN"
"716",-5.92571914032973,-3.76184908475119,"lnWGNkN"
"717",3.588422287787,5.37896879141034,"lnWGNkN"
"718",15.0294798372025,6.22793177509745,"lnWGNkN"
"719",15.0701817341276,12.1283565542947,"lnWGNkN"
"720",11.0526896071372,16.6446588829616,"lnWGNkN"
"721",-4.39574287223078,-6.59566316734329,"lnWGNkN"
"722",6.91272891716874,-6.18703602624182,"lnWGNkN"
"723",10.553493038151,-5.98403171734822,"lnWGNkN"
"724",6.71816203912162,1.41542760994493,"lnWGNkN"
"725",11.4215487007627,14.4379528974085,"lnWGNkN"
"726",3.6107967045776,2.41811469877436,"lnWGNkN"
"727",0.584126122043388,1.92339378538443,"lnWGNkN"
"728",4.45943982962606,6.66284501463242,"lnWGNkN"
"729",-9.66095826978475,-5.8370979262538,"lnWGNkN"
"730",8.9744283445314,-6.86300651902057,"lnWGNkN"
"731",3.95394107479423,3.96602472555814,"lnWGNkN"
"732",8.23337944295891,-6.56127313015583,"lnWGNkN"
"733",21.1803041722544,2.49111249848366,"lnWGNkN"
"734",8.31691525616902,-5.93399745444741,"lnWGNkN"
"735",15.3737839345842,11.6515825050606,"lnWGNkN"
"736",11.8330498491253,-7.36911402537895,"lnWGNkN"
"737",16.5801421244666,14.2685986509574,"lnWGNkN"
"738",-0.0611907129313582,-7.93848020828136,"lnWGNkN"
"739",16.9128784163367,2.02790636387346,"lnWGNkN"
"740",14.0530005620418,2.08126829687189,"lnWGNkN"
"741",7.43731238417818,5.99945981963757,"lnWGNkN"
"742",10.3054519885448,16.0211367932745,"lnWGNkN"
"743",2.08581833893982,7.58545577075509,"lnWGNkN"
"744",7.46313047534262,-7.61379894968188,"lnWGNkN"
"745",19.3671463701826,1.90514246669642,"lnWGNkN"
"746",9.1834728599205,-6.08160574388776,"lnWGNkN"
"747",4.87325904899136,3.00147383007479,"lnWGNkN"
"748",8.04623668189525,-7.89236989161278,"lnWGNkN"
"749",19.7723870263323,-1.80145650100185,"lnWGNkN"
"750",8.86292606960962,-9.07596377822471,"lnWGNkN"
"751",7.45542461673242,-7.10715601212601,"lnWGNkN"
"752",12.6472376957081,18.1574444200188,"lnWGNkN"
"753",-4.16805167396627,-4.74111027326309,"lnWGNkN"
"754",7.9785311732608,-7.09750238430548,"lnWGNkN"
"755",-2.83294738109369,-5.73342428515481,"lnWGNkN"
"756",-2.41781146100033,-7.96081475930105,"lnWGNkN"
"757",-5.78232625660054,-7.26137789304983,"lnWGNkN"
"758",12.0468393502761,4.01394845001457,"lnWGNkN"
"759",15.624177943425,10.9103014779039,"lnWGNkN"
"760",5.90320448340335,4.01702813776722,"lnWGNkN"
"761",-1.97578414224432,-2.60167224375649,"lnWGNkN"
"762",2.19794836749701,1.81356736638513,"lnWGNkN"
"763",8.70536347708191,-5.42919757814146,"lnWGNkN"
"764",-6.67021921415604,-2.70531145564691,"lnWGNkN"
"765",-2.87873790944069,-4.19074033555638,"lnWGNkN"
"766",6.63859624179234,-7.80376312555531,"lnWGNkN"
"767",-2.30488799722694,0.118306846827512,"lnWGNkN"
"768",2.83422327479423,-6.11888512427141,"lnWGNkN"
"769",0.963022942801046,5.03643547239321,"lnWGNkN"
"770",14.4426938508696,3.96196013313991,"lnWGNkN"
"771",15.5822554298558,1.91547540404829,"lnWGNkN"
"772",6.23876681653253,3.97214968592521,"lnWGNkN"
"773",9.71957927961304,-5.28909086099655,"lnWGNkN"
"774",-1.85574512925024,-6.27505846104129,"lnWGNkN"
"775",6.87941730566396,-8.35558738161055,"lnWGNkN"
"776",5.39243181739363,-5.91542268430528,"lnWGNkN"
"777",9.61005939006191,12.5590251534338,"lnWGNkN"
"778",5.53387289867939,1.59443914830979,"lnWGNkN"
"779",0.053730636998341,7.37719546658142,"lnWGNkN"
"780",-1.86846122995181,-2.7735240736093,"lnWGNkN"
"781",8.19477001987534,-5.97380769912283,"lnWGNkN"
"782",11.357968241349,-7.92820071729827,"lnWGNkN"
"783",8.82047496997877,-6.58882392630383,"lnWGNkN"
"784",2.65062735767978,-5.76508517764925,"lnWGNkN"
"785",14.7510916265165,14.6349704899974,"lnWGNkN"
"786",-0.427281418527603,-5.07933677557788,"lnWGNkN"
"787",8.34150041222171,-6.18134399310768,"lnWGNkN"
"788",11.7466218409157,15.2328743728141,"lnWGNkN"
"789",15.3457265099486,5.95066959847616,"lnWGNkN"
"790",15.8238409641852,4.93279945083802,"lnWGNkN"
"791",5.73047844421942,-7.67127977542982,"lnWGNkN"
"792",9.78291075959045,-6.77988575258028,"lnWGNkN"
"793",12.0547130680205,14.1616049886291,"lnWGNkN"
"794",9.70837142534336,-7.47992971473011,"lnWGNkN"
"795",8.84555497882294,12.6055703720681,"lnWGNkN"
"796",13.3357595797666,14.8991450450812,"lnWGNkN"
"797",6.05023608809726,5.64972858903676,"lnWGNkN"
"798",-0.110318197337053,-9.72509851558388,"lnWGNkN"
"799",5.0561473242658,18.8192439189961,"lnWGNkN"
"800",-5.91437786230334,-4.75490942059879,"lnWGNkN"
"801",17.4923955516179,3.51174207969759,"lnWGNkN"
"802",8.72529902122814,-6.53897521535815,"lnWGNkN"
"803",11.7644217141836,-6.58496473084795,"lnWGNkN"
"804",-8.05639862574707,-0.200822109005663,"lnWGNkN"
"805",14.6407545489725,10.8909627637835,"lnWGNkN"
"806",-5.22794596082105,-6.8524167059483,"lnWGNkN"
"807",-3.09259485484203,-7.84486935515186,"lnWGNkN"
"808",-6.5091415222423,-6.96962561813646,"lnWGNkN"
"809",3.14503032807359,5.56333684965262,"lnWGNkN"
"810",5.59714089460592,0.99105087088548,"lnWGNkN"
"811",7.34141312797969,-5.57351954594606,"lnWGNkN"
"812",8.58145320476178,-9.9784593903231,"lnWGNkN"
"813",17.0419572581009,0.370856970126699,"lnWGNkN"
"814",17.2671447109653,3.91654405407973,"lnWGNkN"
"815",14.5431594482831,0.415098241189944,"lnWGNkN"
"816",7.85970875358131,-7.67936481871082,"lnWGNkN"
"817",3.49209434190102,7.65449677624567,"lnWGNkN"
"818",-0.869579055131444,-10.0812704835083,"lnWGNkN"
"819",6.44514100411379,4.79762134149374,"lnWGNkN"
"820",12.3249297628048,17.0849710921461,"lnWGNkN"
"821",5.27508470584505,1.64978623791462,"lnWGNkN"
"822",11.2455126688209,13.7339679244684,"lnWGNkN"
"823",9.70703744503383,-7.24346426531211,"lnWGNkN"
"824",13.0050569457786,14.741955055879,"lnWGNkN"
"825",9.90307248831836,15.080852997105,"lnWGNkN"
"826",13.8100923475824,15.0779357923305,"lnWGNkN"
"827",11.4655005216561,15.5181878855607,"lnWGNkN"
"828",6.45220862115079,-5.74713702938226,"lnWGNkN"
"829",7.54797653990364,-9.0205051942384,"lnWGNkN"
"830",1.61341462179178,4.34231257278955,"lnWGNkN"
"831",6.93752661696229,-6.7731747134971,"lnWGNkN"
"832",8.03018571020092,-7.48929938409994,"lnWGNkN"
"833",4.03644572516014,4.2919273297727,"lnWGNkN"
"834",2.05363315441917,7.05753294672821,"lnWGNkN"
"835",12.7085308380434,-5.37478717734296,"lnWGNkN"
"836",14.2752257215115,13.7269676196169,"lnWGNkN"
"837",-8.04510236717199,-7.13597001323289,"lnWGNkN"
"838",19.327147796186,5.11792112565878,"lnWGNkN"
"839",6.4891251907952,-7.32656527974623,"lnWGNkN"
"840",-5.94534461459727,-3.37066816077746,"lnWGNkN"
"841",-3.99876286562731,-7.27612551893078,"lnWGNkN"
"842",14.9200765575599,15.0226313505512,"lnWGNkN"
"843",-4.80791354581473,-8.49112091850468,"lnWGNkN"
"844",2.63954205930921,3.19462821413267,"lnWGNkN"
"845",3.16587472920664,7.01536793009215,"lnWGNkN"
"846",8.85538857622435,2.05451233320865,"lnWGNkN"
"847",8.77494401351421,15.111257339523,"lnWGNkN"
"848",14.7063612278777,11.5756229641809,"lnWGNkN"
"849",11.8463395775001,-7.63357236170308,"lnWGNkN"
"850",18.6897813053108,0.624358671352541,"lnWGNkN"
"851",0.707386270677385,7.96416527458743,"lnWGNkN"
"852",5.27276480779284,-8.52201659510398,"lnWGNkN"
"853",2.30817518727812,3.3102405465268,"lnWGNkN"
"854",19.4293850015883,4.31520014165343,"lnWGNkN"
"855",16.9007565935921,1.06974462307972,"lnWGNkN"
"856",9.24785928156578,16.2008698184639,"lnWGNkN"
"857",9.54874094519882,15.9663635598383,"lnWGNkN"
"858",5.51906665294988,8.24630619653303,"lnWGNkN"
"859",-5.8028619096897,-1.61211627856401,"lnWGNkN"
"860",-5.47053860276599,-6.2739289019744,"lnWGNkN"
"861",17.4113697352514,5.73107785868329,"lnWGNkN"
"862",17.67881174411,1.90584597279302,"lnWGNkN"
"863",13.9167428780973,11.8326355911605,"lnWGNkN"
"864",8.9144722275608,-7.42750132136097,"lnWGNkN"
"865",22.719833417842,0.241729601635874,"lnWGNkN"
"866",-5.59455592440209,-2.78638599204388,"lnWGNkN"
"867",-2.78726932982062,-1.02553007368559,"lnWGNkN"
"868",11.2987291655802,13.5563154060718,"lnWGNkN"
"869",13.2705478523205,11.9359571048356,"lnWGNkN"
"870",-0.730798179907037,-4.08037182636041,"lnWGNkN"
"871",11.2871427313689,-5.1623549573732,"lnWGNkN"
"872",10.8502705639701,13.755444928157,"lnWGNkN"
"873",13.0379157902472,2.43961457496504,"lnWGNkN"
"874",0.868166238720544,5.1736750036518,"lnWGNkN"
"875",-3.46697813038476,-8.53848994075377,"lnWGNkN"
"876",-4.92193226649745,-11.0980190776631,"lnWGNkN"
"877",8.24015750156058,-6.57960462275901,"lnWGNkN"
"878",13.6887012413141,4.55838292194575,"lnWGNkN"
"879",16.2622232053138,12.9053506344671,"lnWGNkN"
"880",12.6143259562885,13.4375888017192,"lnWGNkN"
"881",-3.45672092944933,-6.77254651222494,"lnWGNkN"
"882",8.95543555826128,-8.79285134549612,"lnWGNkN"
"883",10.0374275988137,15.7437729190782,"lnWGNkN"
"884",3.38246441437112,4.58305450998701,"lnWGNkN"
"885",16.0159904340132,13.9479902685887,"lnWGNkN"
"886",20.9368278442448,5.90264773710599,"lnWGNkN"
"887",-3.15517583810835,-5.54169542438821,"lnWGNkN"
"888",12.4552899127199,17.1630980261824,"lnWGNkN"
"889",-6.0056393170308,-4.45671437966418,"lnWGNkN"
"890",9.311119702824,-9.18904309902574,"lnWGNkN"
"891",13.0838982720486,16.4459043910522,"lnWGNkN"
"892",-8.20712331633456,-5.821715967286,"lnWGNkN"
"893",8.00285290317782,-5.65967625006784,"lnWGNkN"
"894",5.12361111734655,19.3643655062671,"lnWGNkN"
"895",8.85133454283302,-6.63491934599676,"lnWGNkN"
"896",6.42940072496237,4.34729992834119,"lnWGNkN"
"897",14.2260717561117,2.32059525562752,"lnWGNkN"
"898",13.3552494086423,14.1951799064248,"lnWGNkN"
"899",17.4130664243267,3.32666718569186,"lnWGNkN"
"900",12.8828443072698,-7.11788830141687,"lnWGNkN"
"901",-5.48620829584504,-5.63634129739449,"lnWGNkN"
"902",6.54926257735806,-5.83310607470083,"lnWGNkN"
"903",-4.48289684965954,-5.6345756539733,"lnWGNkN"
"904",10.5362307067118,20.0788411351373,"lnWGNkN"
"905",12.390734008817,18.9399564215803,"lnWGNkN"
"906",11.9685524103734,12.5037176119566,"lnWGNkN"
"907",11.1910276203724,14.2371646981669,"lnWGNkN"
"908",-3.16508363016207,-7.88491449931488,"lnWGNkN"
"909",0.806440094536787,2.73500248827562,"lnWGNkN"
"910",8.79100313537094,-5.46385105688906,"lnWGNkN"
"911",1.17932439977981,7.28354972828989,"lnWGNkN"
"912",12.6949574786053,13.7272809404205,"lnWGNkN"
"913",12.0965359516985,-6.08405932099985,"lnWGNkN"
"914",2.27498822972621,5.94966038606526,"lnWGNkN"
"915",-3.37079115111824,-0.747351627473183,"lnWGNkN"
"916",11.4622403656745,-7.90778534246459,"lnWGNkN"
"917",10.7465548978079,17.6892358573768,"lnWGNkN"
"918",11.8391256562915,12.8541421005753,"lnWGNkN"
"919",8.76171826896761,7.90493714840176,"lnWGNkN"
"920",10.0774268143882,-8.08978321272974,"lnWGNkN"
"921",14.0789958103227,1.66000382104249,"lnWGNkN"
"922",17.669004517345,5.84364159837614,"lnWGNkN"
"923",19.2055333951275,3.82916514666501,"lnWGNkN"
"924",20.5084224875078,2.20749590615895,"lnWGNkN"
"925",-5.23183543036113,-3.23507595150812,"lnWGNkN"
"926",10.7528585990845,-6.99933257362726,"lnWGNkN"
"927",1.18904701392295,2.43925710046457,"lnWGNkN"
"928",5.09757897868875,1.99542962646924,"lnWGNkN"
"929",0.600986801852093,2.02108889860859,"lnWGNkN"
"930",18.6149668406853,2.08485494630555,"lnWGNkN"
"931",-3.7851728198702,-1.96432926978708,"lnWGNkN"
"932",-2.85152821668968,-7.14915881760371,"lnWGNkN"
"933",-7.02246755462882,-4.41326388792228,"lnWGNkN"
"934",8.84879837716418,-6.81217008152035,"lnWGNkN"
"935",16.6649737162541,2.41504071542206,"lnWGNkN"
"936",3.27980424736292,4.31388634860085,"lnWGNkN"
"937",-3.37396567527106,-5.80026627245283,"lnWGNkN"
"938",18.1787966804483,3.53959441449461,"lnWGNkN"
"939",19.4788251445933,4.53673028095278,"lnWGNkN"
"940",-3.04330795138918,-7.06822747194467,"lnWGNkN"
"941",9.0065605381466,-7.36474662155679,"lnWGNkN"
"942",1.1501626819429,9.56359079767452,"lnWGNkN"
"943",2.3457299217077,6.37581265662196,"lnWGNkN"
"944",14.8385983846026,15.2548108653414,"lnWGNkN"
"945",3.81619368565441,4.95196178469116,"lnWGNkN"
"946",23.0494085328007,3.16074325057314,"lnWGNkN"
"947",11.0306886867454,14.832528124819,"lnWGNkN"
"948",8.86819164787297,-7.09564416590904,"lnWGNkN"
"949",14.3812918395036,15.3055902185422,"lnWGNkN"
"950",3.45350462391291,6.19349939195134,"lnWGNkN"
"951",0.010493837260662,3.07260067478324,"lnWGNkN"
"952",8.93481917131918,-6.6040992089122,"lnWGNkN"
"953",8.82512695997202,-5.97386028671417,"lnWGNkN"
"954",8.13682455273292,4.01643442021426,"lnWGNkN"
"955",16.8373665557848,1.64872032160855,"lnWGNkN"
"956",5.62689289411821,4.28822870076563,"lnWGNkN"
"957",11.6178871510771,12.8399247465914,"lnWGNkN"
"958",13.9971539742549,14.0046579300407,"lnWGNkN"
"959",-9.35869424472193,-1.58121143722829,"lnWGNkN"
"960",10.4190411266741,19.5913081549034,"lnWGNkN"
"961",13.5717168095858,17.0865531501939,"lnWGNkN"
"962",18.1048290806779,2.48587166334317,"lnWGNkN"
"963",5.34075792748316,5.3226856428799,"lnWGNkN"
"964",11.7067099880197,-7.33206658621542,"lnWGNkN"
"965",4.80702260389823,2.3517308508356,"lnWGNkN"
"966",9.89744953590674,-6.66142551686989,"lnWGNkN"
"967",-3.79114115370998,-2.4118461956313,"lnWGNkN"
"968",17.9899113381944,3.42866878617658,"lnWGNkN"
"969",2.55414055186936,3.88656238827509,"lnWGNkN"
"970",-3.91901417958425,-6.45299978607675,"lnWGNkN"
"971",11.3693484779101,15.9439576956932,"lnWGNkN"
"972",18.309646454234,1.94598342153329,"lnWGNkN"
"973",9.79048949969915,-7.03104584838152,"lnWGNkN"
"974",7.61656431338807,-4.31065090292512,"lnWGNkN"
"975",20.6216483292724,1.68240461824025,"lnWGNkN"
"976",17.5847309916339,5.01187959381031,"lnWGNkN"
"977",8.86581470200122,16.7634169807756,"lnWGNkN"
"978",11.5599165487667,-9.54658274344596,"lnWGNkN"
"979",12.8008426324862,-7.60307934700326,"lnWGNkN"
"980",19.2103430442227,3.73402505123745,"lnWGNkN"
"981",14.7292132988088,13.5057862249583,"lnWGNkN"
"982",7.65255675316655,19.8811921960447,"lnWGNkN"
"983",19.5357301046732,-0.0314436532025226,"lnWGNkN"
"984",8.93429162538949,18.9630741341722,"lnWGNkN"
"985",5.26094664896423,11.8668856931623,"lnWGNkN"
"986",15.7951596487825,6.89468318095476,"lnWGNkN"
"987",10.5916078418878,18.4271789864415,"lnWGNkN"
"988",20.4153524145715,0.982187495720916,"lnWGNkN"
"989",16.9926957675853,1.0662943766819,"lnWGNkN"
"990",7.47022598755693,7.55523318938956,"lnWGNkN"
"991",11.2908509678954,-8.4258775093888,"lnWGNkN"
"992",2.66106197843761,3.02233273160118,"lnWGNkN"
"993",4.15803503033384,5.74004142958149,"lnWGNkN"
"994",11.9621170470468,12.4235149517809,"lnWGNkN"
"995",11.760527042441,10.4558648381718,"lnWGNkN"
"996",17.6234293171397,2.73866947108389,"lnWGNkN"
"997",-2.85162332977501,-1.99606628307652,"lnWGNkN"
"998",-4.7444223748359,-7.58515435203772,"lnWGNkN"
"999",16.7892635229876,12.8288454489935,"lnWGNkN"
"1000",-4.08000795768032,-9.71690234797466,"lnWGNkN"
